-- MySQL dump 10.13  Distrib 5.7.44, for Linux (x86_64)
--
-- Host: localhost    Database: reality_check
-- ------------------------------------------------------
-- Server version	5.7.44

/*!40101 SET @OLD_CHARACTER_SET_CLIENT=@@CHARACTER_SET_CLIENT */;
/*!40101 SET @OLD_CHARACTER_SET_RESULTS=@@CHARACTER_SET_RESULTS */;
/*!40101 SET @OLD_COLLATION_CONNECTION=@@COLLATION_CONNECTION */;
/*!40101 SET NAMES utf8 */;
/*!40103 SET @OLD_TIME_ZONE=@@TIME_ZONE */;
/*!40103 SET TIME_ZONE='+00:00' */;
/*!40014 SET @OLD_UNIQUE_CHECKS=@@UNIQUE_CHECKS, UNIQUE_CHECKS=0 */;
/*!40014 SET @OLD_FOREIGN_KEY_CHECKS=@@FOREIGN_KEY_CHECKS, FOREIGN_KEY_CHECKS=0 */;
/*!40101 SET @OLD_SQL_MODE=@@SQL_MODE, SQL_MODE='NO_AUTO_VALUE_ON_ZERO' */;
/*!40111 SET @OLD_SQL_NOTES=@@SQL_NOTES, SQL_NOTES=0 */;

--
-- Table structure for table `alembic_version`
--

DROP TABLE IF EXISTS `alembic_version`;
/*!40101 SET @saved_cs_client     = @@character_set_client */;
/*!40101 SET character_set_client = utf8 */;
CREATE TABLE `alembic_version` (
  `version_num` varchar(32) NOT NULL,
  PRIMARY KEY (`version_num`)
) ENGINE=InnoDB DEFAULT CHARSET=latin1;
/*!40101 SET character_set_client = @saved_cs_client */;

--
-- Dumping data for table `alembic_version`
--

LOCK TABLES `alembic_version` WRITE;
/*!40000 ALTER TABLE `alembic_version` DISABLE KEYS */;
INSERT INTO `alembic_version` VALUES ('762e6ec6ddd4');
/*!40000 ALTER TABLE `alembic_version` ENABLE KEYS */;
UNLOCK TABLES;

--
-- Table structure for table `events`
--

DROP TABLE IF EXISTS `events`;
/*!40101 SET @saved_cs_client     = @@character_set_client */;
/*!40101 SET character_set_client = utf8 */;
CREATE TABLE `events` (
  `id` int(11) NOT NULL AUTO_INCREMENT,
  `language` enum('ENG','EST','RUS') NOT NULL,
  `text` varchar(1000) NOT NULL,
  PRIMARY KEY (`id`)
) ENGINE=InnoDB AUTO_INCREMENT=11 DEFAULT CHARSET=latin1;
/*!40101 SET character_set_client = @saved_cs_client */;

--
-- Dumping data for table `events`
--

LOCK TABLES `events` WRITE;
/*!40000 ALTER TABLE `events` DISABLE KEYS */;
INSERT INTO `events` VALUES (5,'ENG','Deepfake Campaign Exposed: A new wave of deepfake videosis detected'),(6,'ENG','Protest March Organized: A large-scale march to the capital city is planned, driven by grassroots movements and fueled by social media campaigns.'),(7,'ENG','Diplomatic Facility Siege: Protesters besiege the embassy of Russia, demanding answers and accountability for the quantum center incident.'),(8,'ENG','Presidential Decree Issued: The ruling party issues a controversial decree expanding executive powers, citing national security concerns.'),(9,'ENG','Whistleblower Assassination Attempt: An attempt on the life of the whistleblower who exposed security compromises, heightening fears of a cover-up.'),(10,'ENG','Border Closure Announced: In response to escalating tensions, the government announces the temporary closure of national borders.');
/*!40000 ALTER TABLE `events` ENABLE KEYS */;
UNLOCK TABLES;

--
-- Table structure for table `fact_combinations`
--

DROP TABLE IF EXISTS `fact_combinations`;
/*!40101 SET @saved_cs_client     = @@character_set_client */;
/*!40101 SET character_set_client = utf8 */;
CREATE TABLE `fact_combinations` (
  `id` int(11) NOT NULL AUTO_INCREMENT,
  `facts` varchar(1000) NOT NULL,
  PRIMARY KEY (`id`)
) ENGINE=InnoDB AUTO_INCREMENT=148 DEFAULT CHARSET=latin1;
/*!40101 SET character_set_client = @saved_cs_client */;

--
-- Dumping data for table `fact_combinations`
--

LOCK TABLES `fact_combinations` WRITE;
/*!40000 ALTER TABLE `fact_combinations` DISABLE KEYS */;
INSERT INTO `fact_combinations` VALUES (115,'Nationwide cybersecurity alert issued,Power grids in major voting towns attacked,Voting centers have switched to emergency power due to attacks'),(116,'Border skirmishes with Russia raise security concerns,Deepfake videos show current political leaders in compromised situations,International flights to and from the affected region suspended,Voting centers have switched to emergency power due to attacks'),(117,'Border skirmishes with Russia raise security concerns,Emergency curfews declared in major cities,Voting systems are shut off until crisis is over'),(118,'Allies withdraw aid amid diplomatic tensions,International flights to and from the affected region suspended,Power grids in major voting towns attacked,Scientists debunk the possibility of quantum computer theft'),(119,'Emergency vehicles are sabotaged in key districts with cut tires,Public rallies between local populations break into small fights,Strategic reserves mobilized amidst unrest,Voting systems are shut off until crisis is over'),(120,'Communication blackouts disrupt emergency services,Diplomats expelled from Russia over political tensions,Nationwide cybersecurity alert issued'),(121,'Communication blackouts disrupt emergency services,International flights to and from the affected region suspended,Public rallies between local populations break into small fights'),(122,'Air traffic control reports multiple drone sightings near airports,Diplomats expelled from Russia over political tensions,Power grids in major voting towns attacked,Public protests erupt in major cities, met with police force'),(123,'Communication blackouts disrupt emergency services,Diplomats expelled from Russia over political tensions,Scientists debunk the possibility of quantum computer theft,Stock markets fluctuate wildly due to uncertainty'),(124,'Air traffic control reports multiple drone sightings near airports,Diplomats expelled from Russia over political tensions,Emergency vehicles are sabotaged in key districts with cut tires'),(125,'Emergency vehicles are sabotaged in key districts with cut tires,Public protests erupt in major cities, met with police force,Public rallies between local populations break into small fights,Stock markets fluctuate wildly due to uncertainty'),(126,'Emergency vehicles are sabotaged in key districts with cut tires,Public rallies between local populations break into small fights,Stock markets fluctuate wildly due to uncertainty'),(127,'Alarm triggered at quantum computer facility in Russia after explosion,Deepfake videos show current political leaders in compromised situations,Scientists debunk the possibility of quantum computer theft,Stock markets fluctuate wildly due to uncertainty'),(128,'Power grids in major voting towns attacked,Scientists debunk the possibility of quantum computer theft,Strategic reserves mobilized amidst unrest,Voting systems are shut off until crisis is over'),(129,'Air traffic control reports multiple drone sightings near airports,Alarm triggered at quantum computer facility in Russia after explosion,Diplomats expelled from Russia over political tensions,Strategic reserves mobilized amidst unrest'),(130,'Alarm triggered at quantum computer facility in Russia after explosion,Deepfake videos show current political leaders in compromised situations,Diplomats expelled from Russia over political tensions,Power grids in major voting towns attacked,Stock markets fluctuate wildly due to uncertainty'),(131,'Air traffic control reports multiple drone sightings near airports,Emergency vehicles are sabotaged in key districts with cut tires,International flights to and from the affected region suspended'),(132,'Air traffic control reports multiple drone sightings near airports,Border skirmishes with Russia raise security concerns,Deepfake videos show current political leaders in compromised situations,International flights to and from the affected region suspended'),(133,'Emergency curfews declared in major cities,Nationwide cybersecurity alert issued,Stock markets fluctuate wildly due to uncertainty'),(134,'Communication blackouts disrupt emergency services,Emergency curfews declared in major cities,Nationwide cybersecurity alert issued,Power grids in major voting towns attacked,Stock markets fluctuate wildly due to uncertainty'),(135,'Communication blackouts disrupt emergency services,Emergency curfews declared in major cities,Nationwide cybersecurity alert issued,Power grids in major voting towns attacked,Stock markets fluctuate wildly due to uncertainty'),(136,'Communication blackouts disrupt emergency services,Emergency curfews declared in major cities,Nationwide cybersecurity alert issued,Power grids in major voting towns attacked,Stock markets fluctuate wildly due to uncertainty'),(137,'Scientists debunk the possibility of quantum computer theft,Stock markets fluctuate wildly due to uncertainty,Voting systems are shut off until crisis is over'),(138,'Air traffic control reports multiple drone sightings near airports,Communication blackouts disrupt emergency services,Diplomats expelled from Russia over political tensions,Voting centers have switched to emergency power due to attacks'),(139,'Air traffic control reports multiple drone sightings near airports,Diplomats expelled from Russia over political tensions,Public rallies between local populations break into small fights,Voting centers have switched to emergency power due to attacks'),(140,'Deepfake videos show current political leaders in compromised situations,Emergency curfews declared in major cities,Voting centers have switched to emergency power due to attacks'),(141,'Deepfake videos show current political leaders in compromised situations,International flights to and from the affected region suspended,Voting systems are shut off until crisis is over'),(142,'Alarm triggered at quantum computer facility in Russia after explosion,Border skirmishes with Russia raise security concerns,International flights to and from the affected region suspended'),(143,'Alarm triggered at quantum computer facility in Russia after explosion,Communication blackouts disrupt emergency services,International flights to and from the affected region suspended'),(144,'Allies withdraw aid amid diplomatic tensions,Communication blackouts disrupt emergency services,Deepfake videos show current political leaders in compromised situations'),(145,'Deepfake videos show current political leaders in compromised situations,Public protests erupt in major cities, met with police force,Scientists debunk the possibility of quantum computer theft'),(146,'Deepfake videos show current political leaders in compromised situations,Emergency vehicles are sabotaged in key districts with cut tires,Nationwide cybersecurity alert issued'),(147,'Border skirmishes with Russia raise security concerns,Diplomats expelled from Russia over political tensions,Voting systems are shut off until crisis is over');
/*!40000 ALTER TABLE `fact_combinations` ENABLE KEYS */;
UNLOCK TABLES;

--
-- Table structure for table `facts`
--

DROP TABLE IF EXISTS `facts`;
/*!40101 SET @saved_cs_client     = @@character_set_client */;
/*!40101 SET character_set_client = utf8 */;
CREATE TABLE `facts` (
  `id` int(11) NOT NULL AUTO_INCREMENT,
  `language` enum('ENG','EST','RUS') NOT NULL,
  `text` varchar(1000) NOT NULL,
  PRIMARY KEY (`id`)
) ENGINE=InnoDB AUTO_INCREMENT=46 DEFAULT CHARSET=latin1;
/*!40101 SET character_set_client = @saved_cs_client */;

--
-- Dumping data for table `facts`
--

LOCK TABLES `facts` WRITE;
/*!40000 ALTER TABLE `facts` DISABLE KEYS */;
INSERT INTO `facts` VALUES (26,'ENG','Alarm triggered at quantum computer facility in Russia after explosion'),(27,'ENG','Power grids in major voting towns attacked'),(28,'ENG','Voting centers have switched to emergency power due to attacks'),(29,'ENG','Deepfake videos show current political leaders in compromised situations'),(30,'ENG','Public rallies between local populations break into small fights'),(31,'ENG','Communication blackouts disrupt emergency services'),(32,'ENG','Diplomats expelled from Russia over political tensions'),(33,'ENG','Voting systems are shut off until crisis is over'),(34,'ENG','Strategic reserves mobilized amidst unrest'),(35,'ENG','Nationwide cybersecurity alert issued'),(36,'ENG','Emergency curfews declared in major cities'),(37,'ENG','Allies withdraw aid amid diplomatic tensions'),(38,'ENG','Border skirmishes with Russia raise security concerns'),(39,'ENG','Financial markets go into a frenzy'),(40,'ENG','Emergency vehicles are sabotaged in key districts with cut tires'),(41,'ENG','Scientists debunk the possibility of quantum computer theft'),(42,'ENG','Public protests erupt in major cities, met with police force'),(43,'ENG','Air traffic control reports multiple drone sightings near airports'),(44,'ENG','Stock markets fluctuate wildly due to uncertainty'),(45,'ENG','International flights to and from the affected region suspended');
/*!40000 ALTER TABLE `facts` ENABLE KEYS */;
UNLOCK TABLES;

--
-- Table structure for table `narrative_events`
--

DROP TABLE IF EXISTS `narrative_events`;
/*!40101 SET @saved_cs_client     = @@character_set_client */;
/*!40101 SET character_set_client = utf8 */;
CREATE TABLE `narrative_events` (
  `id` int(11) NOT NULL AUTO_INCREMENT,
  `narrative_id` int(11) NOT NULL,
  `event_id` int(11) NOT NULL,
  `resulting_headline` varchar(1000) NOT NULL,
  `resulting_story` text NOT NULL,
  `resulting_photo_url` varchar(1000) DEFAULT NULL,
  PRIMARY KEY (`id`),
  KEY `event_id` (`event_id`),
  KEY `narrative_id` (`narrative_id`),
  CONSTRAINT `narrative_events_ibfk_1` FOREIGN KEY (`event_id`) REFERENCES `events` (`id`),
  CONSTRAINT `narrative_events_ibfk_2` FOREIGN KEY (`narrative_id`) REFERENCES `primary_narratives` (`id`)
) ENGINE=InnoDB AUTO_INCREMENT=7 DEFAULT CHARSET=latin1;
/*!40101 SET character_set_client = @saved_cs_client */;

--
-- Dumping data for table `narrative_events`
--

LOCK TABLES `narrative_events` WRITE;
/*!40000 ALTER TABLE `narrative_events` DISABLE KEYS */;
INSERT INTO `narrative_events` VALUES (1,3,6,'\"Unrest Unleashed: Massive Protest March Descends on Capital Amid Global Turmoil\"','In a stunning turn of events, a massive protest march, fueled by grassroots movements and social media campaigns, has descended upon the capital amidst global turmoil following a rogue state actor\'s orchestrated attack in Russia. The protest, a beacon of defiance against destabilizing forces, serves as a stark reminder of the fragility of international relations in the face of calculated disruptions. As tensions escalate, the world watches with bated breath, contemplating the implications of such unrest on public perception and global policy-making. Amidst the chaos, the unity and resilience of the people stand as a powerful force against the shadows of manipulation and division.','https://oaidalleapiprodscus.blob.core.windows.net/private/org-3ZTYKTCGlRnmP0FAej9N6kLW/user-r4NEmaYFaSPAjtvK7ZQEc5ch/img-Tl8EX05IjuOOKYfzNBf4HaeY.png?st=2024-03-28T12%3A12%3A54Z&se=2024-03-28T14%3A12%3A54Z&sp=r&sv=2021-08-06&sr=b&rscd=inline&rsct=image/png&skoid=6aaadede-4fb3-4698-a8f6-684d7786b067&sktid=a48cca56-e6da-484e-a814-9c849652bcb3&skt=2024-03-27T17%3A47%3A13Z&ske=2024-03-28T17%3A47%3A13Z&sks=b&skv=2021-08-06&sig=FX0FD%2BDE8fASmxG9FhcIjK8tBuYk1ezBMeJ0Qktfm3E%3D'),(2,3,9,'\"Whistleblower Targeted in Bold Assassination Bid, Unveiling Deeper Threats to Global Security\"','In a stunning turn of events, a whistleblower who courageously exposed security breaches found themselves targeted in a brazen assassination attempt. The chilling attack, orchestrated with drones and an explosion at a critical quantum computing facility in Russia, not only endangered the whistleblower\'s life but also unveiled deeper threats to global security. This shocking incident has raised concerns of a potential cover-up and highlighted the risks faced by those who dare to speak out against nefarious actors seeking to disrupt international stability. As the world grapples with the implications of this audacious move, questions loom about the broader impact on public trust, diplomatic relations, and the urgent need to safeguard those who risk everything to defend the truth.','https://oaidalleapiprodscus.blob.core.windows.net/private/org-3ZTYKTCGlRnmP0FAej9N6kLW/user-r4NEmaYFaSPAjtvK7ZQEc5ch/img-3GuIFoqzVRkaEn3pHDBmh8nO.png?st=2024-03-28T14%3A04%3A50Z&se=2024-03-28T16%3A04%3A50Z&sp=r&sv=2021-08-06&sr=b&rscd=inline&rsct=image/png&skoid=6aaadede-4fb3-4698-a8f6-684d7786b067&sktid=a48cca56-e6da-484e-a814-9c849652bcb3&skt=2024-03-28T09%3A57%3A59Z&ske=2024-03-29T09%3A57%3A59Z&sks=b&skv=2021-08-06&sig=3sdxiYNJ0ufZTIc4%2BOprvnIl4V7hF8UcAFgO0OjNjcA%3D'),(3,4,5,'State-Sponsored Deepfake Assault Paralyzes International Travel','In a brazen act of cyber warfare that has left the world reeling, a state-sponsored deepfake assault has plunged international travel into chaos. The discovery of a sophisticated deepfake campaign targeting emergency services and air traffic control systems has culminated in the suspension of all international flights, sending shockwaves through the global community. This calculated attack, designed to undermine a rival nation\'s quantum computing advancements, has exposed the vulnerabilities inherent in our interconnected world. As authorities race to contain the fallout, questions loom over the far-reaching implications of this digital onslaught on national security and the delicate fabric of international relations.','https://oaidalleapiprodscus.blob.core.windows.net/private/org-3ZTYKTCGlRnmP0FAej9N6kLW/user-r4NEmaYFaSPAjtvK7ZQEc5ch/img-aLLTFHOIMi2OdrUn3bnxTXOX.png?st=2024-03-28T16%3A41%3A15Z&se=2024-03-28T18%3A41%3A15Z&sp=r&sv=2021-08-06&sr=b&rscd=inline&rsct=image/png&skoid=6aaadede-4fb3-4698-a8f6-684d7786b067&sktid=a48cca56-e6da-484e-a814-9c849652bcb3&skt=2024-03-28T17%3A40%3A11Z&ske=2024-03-29T17%3A40%3A11Z&sks=b&skv=2021-08-06&sig=gVupKii6IkWRer6EA/LKUOhO3vkP2Us607Gh3%2ByHJBY%3D'),(4,5,10,'Global Chaos Looms: Border Closure Amid Cyberattack Fears','In a startling turn of events, global chaos looms as a cyberattack threat prompts the government to announce the closure of national borders. The recent incident at the quantum computing facility, believed to be the work of rogue hackers, has sent shockwaves through financial markets and major cities, raising fears of widespread disruption. As authorities scramble to contain the fallout and investigate the cyber breach, the decision to shut down borders underscores the severity of the situation at hand. With the world on edge and uncertainty mounting, the implications of this border closure amidst cyberattack fears could have far-reaching consequences for international security and economic stability.','https://oaidalleapiprodscus.blob.core.windows.net/private/org-3ZTYKTCGlRnmP0FAej9N6kLW/user-r4NEmaYFaSPAjtvK7ZQEc5ch/img-8ezrepiMYuXdoJxOr2dPDq9Y.png?st=2024-03-28T17%3A01%3A19Z&se=2024-03-28T19%3A01%3A19Z&sp=r&sv=2021-08-06&sr=b&rscd=inline&rsct=image/png&skoid=6aaadede-4fb3-4698-a8f6-684d7786b067&sktid=a48cca56-e6da-484e-a814-9c849652bcb3&skt=2024-03-28T17%3A44%3A04Z&ske=2024-03-29T17%3A44%3A04Z&sks=b&skv=2021-08-06&sig=nSAXN0R2V5JclNGWMEjrTmMxCy1SSdrBMS0zTCFOfOU%3D'),(5,6,5,'Global Cyber Threat Unleashed: Deepfake Campaign Strikes at Core of Critical Systems','In a stark escalation of cyber warfare, a devastating deepfake campaign has unearthed a global crisis, with the recent infiltration of critical systems sparking chaos in financial markets and disrupting key voting systems. The emergence of these sophisticated deepfake videos, meticulously engineered to deceive and manipulate, suggests a strategic attack orchestrated by a hostile state actor with the intent to sow widespread destabilization. As the world grapples with the ramifications of this insidious assault on vital infrastructure, questions loom over the vulnerability of our interconnected systems and the urgent need for enhanced cybersecurity measures to thwart such malicious threats. The unfolding events underscore the pressing reality that the age of digital disinformation has now permeated the very core of our critical networks, demanding swift action and international cooperation to safeguard against future cyber onslaughts.','https://oaidalleapiprodscus.blob.core.windows.net/private/org-3ZTYKTCGlRnmP0FAej9N6kLW/user-r4NEmaYFaSPAjtvK7ZQEc5ch/img-QccqEmyD1zJzxgbzz4ckW2oj.png?st=2024-03-28T17%3A10%3A55Z&se=2024-03-28T19%3A10%3A55Z&sp=r&sv=2021-08-06&sr=b&rscd=inline&rsct=image/png&skoid=6aaadede-4fb3-4698-a8f6-684d7786b067&sktid=a48cca56-e6da-484e-a814-9c849652bcb3&skt=2024-03-28T17%3A52%3A21Z&ske=2024-03-29T17%3A52%3A21Z&sks=b&skv=2021-08-06&sig=ebBGuih2pFZqcsd7Db8t1WHXk90WmfQYnxgJ2j/Gdps%3D'),(6,7,5,'\"Deepfake Crisis Unveiled: Malevolent Scheme Unleashes Chaos Amid Political Turmoil\"','In a stunning revelation, a malevolent scheme has been unveiled, shaking the core of the political landscape. The recent exposure of a deepfake campaign, with a surge of fabricated videos flooding cyberspace, has plunged the nation into chaos. As authorities scramble to contain the fallout, it becomes increasingly clear that this orchestrated chaos aims to divert attention from the escalating political turmoil and the strain on emergency services. The quantum computing facility incident is now exposed as a calculated attempt by a rogue group to sow confusion and disrupt the fragile fabric of society. With the deepfake crisis unraveling, the public is left questioning the authenticity of information and the looming threats to stability in these turbulent times.','https://oaidalleapiprodscus.blob.core.windows.net/private/org-3ZTYKTCGlRnmP0FAej9N6kLW/user-r4NEmaYFaSPAjtvK7ZQEc5ch/img-ghZbwJpj0EFFQ4260UzTC8AB.png?st=2024-03-28T17%3A19%3A21Z&se=2024-03-28T19%3A19%3A21Z&sp=r&sv=2021-08-06&sr=b&rscd=inline&rsct=image/png&skoid=6aaadede-4fb3-4698-a8f6-684d7786b067&sktid=a48cca56-e6da-484e-a814-9c849652bcb3&skt=2024-03-28T17%3A43%3A55Z&ske=2024-03-29T17%3A43%3A55Z&sks=b&skv=2021-08-06&sig=mmes1IEpfbMBXBuX%2B/IQEo7a5ol8r4RP14KQMCp5nyA%3D');
/*!40000 ALTER TABLE `narrative_events` ENABLE KEYS */;
UNLOCK TABLES;

--
-- Table structure for table `primary_narratives`
--

DROP TABLE IF EXISTS `primary_narratives`;
/*!40101 SET @saved_cs_client     = @@character_set_client */;
/*!40101 SET character_set_client = utf8 */;
CREATE TABLE `primary_narratives` (
  `id` int(11) NOT NULL AUTO_INCREMENT,
  `headline` varchar(1000) NOT NULL,
  `user_id` int(11) NOT NULL,
  `fact_combination_id` int(11) NOT NULL,
  `narrative_text` text NOT NULL,
  `story` text NOT NULL,
  `photo_url` varchar(1000) DEFAULT NULL,
  `created_at` datetime DEFAULT NULL,
  PRIMARY KEY (`id`),
  KEY `user_id` (`user_id`),
  KEY `fact_combination_id` (`fact_combination_id`),
  CONSTRAINT `primary_narratives_ibfk_1` FOREIGN KEY (`user_id`) REFERENCES `users` (`id`),
  CONSTRAINT `primary_narratives_ibfk_2` FOREIGN KEY (`fact_combination_id`) REFERENCES `fact_combinations` (`id`)
) ENGINE=InnoDB AUTO_INCREMENT=10 DEFAULT CHARSET=latin1;
/*!40101 SET character_set_client = @saved_cs_client */;

--
-- Dumping data for table `primary_narratives`
--

LOCK TABLES `primary_narratives` WRITE;
/*!40000 ALTER TABLE `primary_narratives` DISABLE KEYS */;
INSERT INTO `primary_narratives` VALUES (1,'\"Foreign cyber-attack sparks chaos: Quantum facility blast and power disruptions orchestrated to destabilize Russian government and rattle global markets\"',19,127,'Foreign hackers orchestrated the quantum computing facility incident and power disruptions to destabilize the Russian government and create chaos in global financial markets.','In a calculated move to sow political discord and economic turmoil, foreign hackers orchestrated a cyber-attack targeting Russia, culminating in a devastating blast at a critical quantum computing facility and widespread power disruptions. The alarm triggered at the facility following the explosion raised concerns about the extent of the damage caused by the attack. Furthermore, the circulation of deepfake videos depicting political leaders in compromising scenarios aimed to further destabilize the government. As scientists debunked the possibility of quantum computer theft, global stock markets reacted with extreme','https://oaidalleapiprodscus.blob.core.windows.net/private/org-3ZTYKTCGlRnmP0FAej9N6kLW/user-r4NEmaYFaSPAjtvK7ZQEc5ch/img-juW4z11gP9IuLC2I4qb7q0t7.png?st=2024-03-28T11%3A59%3A02Z&se=2024-03-28T13%3A59%3A02Z&sp=r&sv=2021-08-06&sr=b&rscd=inline&rsct=image/png&skoid=6aaadede-4fb3-4698-a8f6-684d7786b067&sktid=a48cca56-e6da-484e-a814-9c849652bcb3&skt=2024-03-27T17%3A51%3A01Z&ske=2024-03-28T17%3A51%3A01Z&sks=b&skv=2021-08-06&sig=uadqawztm0o%2BSE06llFU0kW3lMVu6rJrLsFshuRqT3k%3D','2024-03-28 12:58:59'),(2,'\"Rogue Nation Strikes: Power Sabotage Threatens Democracy\"',20,128,'A rogue nation, seeking to disrupt the democratic process, orchestrated the power disruptions at the quantum computing facility and voting towns to sow chaos and undermine trust in the electoral system.','In a brazen act of defiance against democracy, a rogue nation has unleashed chaos by sabotaging power grids in major voting towns, including the quantum computing facility, to undermine the electoral process. Despite fears of quantum computer theft, scientists have debunked such claims, pointing towards a deliberate attempt to disrupt rather than steal advanced technology. As strategic reserves are mobilized to counter the unrest, voting systems have been forcibly shut down until order can be restored, raising concerns about the integrity of future elections. This unprecedented attack on the heart of democracy has left citizens questioning the security of their electoral system and the motives behind this calculated power play.','https://oaidalleapiprodscus.blob.core.windows.net/private/org-3ZTYKTCGlRnmP0FAej9N6kLW/user-r4NEmaYFaSPAjtvK7ZQEc5ch/img-AWqTb3SQzvA2TbZRlzyiA9kG.png?st=2024-03-28T12%3A05%3A50Z&se=2024-03-28T14%3A05%3A50Z&sp=r&sv=2021-08-06&sr=b&rscd=inline&rsct=image/png&skoid=6aaadede-4fb3-4698-a8f6-684d7786b067&sktid=a48cca56-e6da-484e-a814-9c849652bcb3&skt=2024-03-27T17%3A41%3A41Z&ske=2024-03-28T17%3A41%3A41Z&sks=b&skv=2021-08-06&sig=6jh0MATQ9UrcOd26UUkezDrCc5TKPxM1EvNx5uONbt8%3D','2024-03-28 13:05:48'),(3,'Global Chaos Unleashed: Rogue State Suspected in Drone Attack and Quantum Facility Explosion',22,129,'A rogue state actor, seeking to disrupt global stability, orchestrated a coordinated attack involving drones and an explosion at the quantum computing facility in Russia to sow chaos and undermine international relations.','In a sinister turn of events, global chaos has erupted as a rogue state is suspected of orchestrating a series of devastating attacks aimed at disrupting world stability. Reports of multiple drone sightings near key airports have raised alarm, hinting at a coordinated effort to sow fear and confusion. Simultaneously, an explosion rocked a quantum computing facility in Russia, casting a shadow of suspicion over the intentions behind these calculated strikes. As political tensions escalate, the expulsion of diplomats further fuels the flames of uncertainty, prompting the mobilization of strategic reserves in a bid to quell the growing unrest. The world watches anxiously as the shadowy specter of a rogue state looms large, threatening to plunge nations into a maelstrom of uncertainty and discord.','https://oaidalleapiprodscus.blob.core.windows.net/private/org-3ZTYKTCGlRnmP0FAej9N6kLW/user-r4NEmaYFaSPAjtvK7ZQEc5ch/img-70kOc8VJbbKn6m6kiJn6JRDw.png?st=2024-03-28T12%3A11%3A56Z&se=2024-03-28T14%3A11%3A56Z&sp=r&sv=2021-08-06&sr=b&rscd=inline&rsct=image/png&skoid=6aaadede-4fb3-4698-a8f6-684d7786b067&sktid=a48cca56-e6da-484e-a814-9c849652bcb3&skt=2024-03-27T17%3A39%3A12Z&ske=2024-03-28T17%3A39%3A12Z&sks=b&skv=2021-08-06&sig=ImPt74VuJbRWtG/I1b2iRjHVJskwaNdfMcB3Z6pe6mk%3D','2024-03-28 13:11:54'),(4,'State-Sponsored Cyber-Attack Sparks Chaos: Emergency Vehicles Sabotaged, International Flights Grounded',22,131,'The coordinated disruption of emergency vehicles and air traffic control, culminating in the suspension of international flights, bears the unmistakable signature of a state-sponsored cyber-attack aimed at destabilizing a rival nation\'s quantum computing capabilities.','In a brazen display of cyber warfare, emergency services and global air travel were thrown into disarray as a state-sponsored cyber-attack wreaked havoc across critical infrastructure. Reports of drones hovering near airports added to the chaos, with air traffic control struggling to maintain control. Simultaneously, emergency vehicles found themselves compromised, their tires mysteriously slashed in strategic districts. The culmination of these events led to the unprecedented decision to suspend international flights to and from the embattled region, raising concerns about the extent of the cyber threat and the potential motives behind such a calculated assault.','https://oaidalleapiprodscus.blob.core.windows.net/private/org-3ZTYKTCGlRnmP0FAej9N6kLW/user-r4NEmaYFaSPAjtvK7ZQEc5ch/img-1II3ozZSJzRIk7OPxw0oKDDR.png?st=2024-03-28T16%3A31%3A06Z&se=2024-03-28T18%3A31%3A06Z&sp=r&sv=2021-08-06&sr=b&rscd=inline&rsct=image/png&skoid=6aaadede-4fb3-4698-a8f6-684d7786b067&sktid=a48cca56-e6da-484e-a814-9c849652bcb3&skt=2024-03-27T17%3A50%3A26Z&ske=2024-03-28T17%3A50%3A26Z&sks=b&skv=2021-08-06&sig=HWifYBgwvjHVXqqn5WaF9cx960JtFnT1HZfT6P5BZGM%3D','2024-03-28 17:31:05'),(5,'Global Financial Markets in Turmoil as Hackers Target Quantum Computing Facility',22,133,'The incident at the quantum computing facility was orchestrated by a rogue group of hackers aiming to disrupt global financial markets and sow chaos in major cities.','In a coordinated attack that sent shockwaves through global financial markets, a rogue group of hackers targeted a pivotal quantum computing facility, plunging major cities into chaos and uncertainty. Emergency curfews were swiftly imposed as authorities scrambled to contain the fallout and restore order. The nation grappled with a heightened state of alertness as cybersecurity agencies issued a nationwide warning to fortify defenses against further cyber threats. Stock markets worldwide were left reeling from the unprecedented breach, with wild fluctuations reflecting the prevailing atmosphere of uncertainty and instability. As the investigation unfolds, the true extent of the hackers\' motives and the potential ramifications on the global economy remain shrouded in mystery, leaving stakeholders on edge and the world watching with bated breath.','https://oaidalleapiprodscus.blob.core.windows.net/private/org-3ZTYKTCGlRnmP0FAej9N6kLW/user-r4NEmaYFaSPAjtvK7ZQEc5ch/img-eImiH92DsVpmfLPO6Z6MQ3Hk.png?st=2024-03-28T17%3A00%3A46Z&se=2024-03-28T19%3A00%3A46Z&sp=r&sv=2021-08-06&sr=b&rscd=inline&rsct=image/png&skoid=6aaadede-4fb3-4698-a8f6-684d7786b067&sktid=a48cca56-e6da-484e-a814-9c849652bcb3&skt=2024-03-28T09%3A52%3A25Z&ske=2024-03-29T09%3A52%3A25Z&sks=b&skv=2021-08-06&sig=jJ3QJdAJk66yqJnE5OcMNCy3useUQ3FHQ%2BL52FlkkdA%3D','2024-03-28 18:00:44'),(6,'Global Systems in Peril: Suspected Cyberattack Triggers Market Chaos and Voting System Shutdowns',22,137,'The deliberate disruption at the quantum computing facility, leading to market chaos and voting system shutdowns, bears the hallmark of a coordinated cyberattack orchestrated by a hostile state actor aiming to destabilize global systems.','In a shocking turn of events, a suspected cyberattack has thrown global systems into disarray. The deliberate disruption at the quantum computing facility, believed to be orchestrated by a hostile state actor, has led to chaotic fluctuations in stock markets worldwide. As scientists debunk the possibility of quantum computer theft, voting systems have been abruptly shut down, adding to the uncertainty gripping nations. The implications of this cyber assault on critical infrastructures underscore the vulnerability of interconnected systems to malicious interference, raising concerns about the stability of our increasingly digitized world.','https://oaidalleapiprodscus.blob.core.windows.net/private/org-3ZTYKTCGlRnmP0FAej9N6kLW/user-r4NEmaYFaSPAjtvK7ZQEc5ch/img-Fr4xSpQRC8JLfqR55fIpN0YR.png?st=2024-03-28T17%3A09%3A59Z&se=2024-03-28T19%3A09%3A59Z&sp=r&sv=2021-08-06&sr=b&rscd=inline&rsct=image/png&skoid=6aaadede-4fb3-4698-a8f6-684d7786b067&sktid=a48cca56-e6da-484e-a814-9c849652bcb3&skt=2024-03-28T09%3A56%3A21Z&ske=2024-03-29T09%3A56%3A21Z&sks=b&skv=2021-08-06&sig=IUuoVJGyL06rIXvjgvuvnTxY68119sTBHH0fMKjWz6k%3D','2024-03-28 18:09:58'),(7,'Rogue Group\'s Quantum Computing Facility Ploy Adds to Political Turmoil',22,138,'The quantum computing facility incident was orchestrated by a rogue group seeking to create chaos and distract authorities amidst the escalating political tensions and disruptions in emergency services.','In a bold move to sow discord amidst mounting political turmoil, a rogue group\'s strategic disruption of a quantum computing facility has sent shockwaves through the nation. The orchestrated chaos, including multiple drone sightings near airports and widespread communication blackouts affecting emergency services, has raised concerns about the group\'s motives and capabilities. With diplomatic relations strained following the expulsion of diplomats from Russia, and voting centers forced to rely on emergency power due to ongoing attacks, the situation remains fluid and unpredictable. As authorities scramble to restore order and investigate the perpetrators behind these calculated disruptions, the country finds itself teetering on the edge of further instability.','https://oaidalleapiprodscus.blob.core.windows.net/private/org-3ZTYKTCGlRnmP0FAej9N6kLW/user-r4NEmaYFaSPAjtvK7ZQEc5ch/img-sMwPFHFHdoxp9FzZHodqSDjn.png?st=2024-03-28T17%3A18%3A45Z&se=2024-03-28T19%3A18%3A45Z&sp=r&sv=2021-08-06&sr=b&rscd=inline&rsct=image/png&skoid=6aaadede-4fb3-4698-a8f6-684d7786b067&sktid=a48cca56-e6da-484e-a814-9c849652bcb3&skt=2024-03-28T17%3A47%3A19Z&ske=2024-03-29T17%3A47%3A19Z&sks=b&skv=2021-08-06&sig=GUhLLoSTEGn/31y5pmCpUKY0EfpI19Npa0JJ5HbrAvc%3D','2024-03-28 18:18:44'),(8,'\"Rogue Group\'s Deepfakes Spark Protests Amid Quantum Computing Facility Scare\"',27,145,'The quantum computing facility incident was orchestrated by a rogue group seeking to destabilize the government through the dissemination of deepfake videos depicting current political leaders in compromising situations.','In a shocking twist that has rocked the nation, a rogue group\'s insidious use of deepfake technology has sparked widespread protests in major cities. The unsettling videos, depicting high-ranking political figures in compromising scenarios, have incited public outrage and calls for immediate government action. As tensions rise on the streets, authorities are struggling to contain the unrest, with police forces clashing with demonstrators. Meanwhile, amidst the chaos, scientists have moved to debunk fears of a quantum computer theft, adding another layer of mystery to this unfolding political crisis.','https://oaidalleapiprodscus.blob.core.windows.net/private/org-3ZTYKTCGlRnmP0FAej9N6kLW/user-r4NEmaYFaSPAjtvK7ZQEc5ch/img-leT6HB58qeQPpOvM3OSebGO2.png?st=2024-03-29T14%3A18%3A46Z&se=2024-03-29T16%3A18%3A46Z&sp=r&sv=2021-08-06&sr=b&rscd=inline&rsct=image/png&skoid=6aaadede-4fb3-4698-a8f6-684d7786b067&sktid=a48cca56-e6da-484e-a814-9c849652bcb3&skt=2024-03-29T01%3A56%3A18Z&ske=2024-03-30T01%3A56%3A18Z&sks=b&skv=2021-08-06&sig=ACxuklp5l9T/VNjfqmo9%2BkPxN3cYPqmDN56BBeD%2BnGM%3D','2024-03-29 15:18:46'),(9,'Foreign Nation Suspected in Coordinated Attacks on National Security',27,146,'It is clear that this orchestrated chaos at the quantum computing facility was a deliberate attempt by a foreign nation to destabilize our national security, using sophisticated tactics to sow confusion and exploit vulnerabilities in our systems.','In a brazen display of cyber and physical sabotage, a foreign nation is suspected of orchestrating a series of attacks aimed at destabilizing the national security infrastructure. The evidence points to a sophisticated operation involving deepfake videos depicting political leaders in compromising scenarios, alongside the sabotage of emergency vehicles in strategic districts. These incidents have prompted a nationwide cybersecurity alert, underscoring the severity of the threat posed by these coordinated assaults. As authorities scramble to assess the extent of the damage and shore up defenses, the specter of foreign interference looms large, casting a shadow of uncertainty over the country\'s stability.','https://oaidalleapiprodscus.blob.core.windows.net/private/org-3ZTYKTCGlRnmP0FAej9N6kLW/user-r4NEmaYFaSPAjtvK7ZQEc5ch/img-voHAKbfXoDGnSzBVdQdsfYvg.png?st=2024-03-29T14%3A22%3A29Z&se=2024-03-29T16%3A22%3A29Z&sp=r&sv=2021-08-06&sr=b&rscd=inline&rsct=image/png&skoid=6aaadede-4fb3-4698-a8f6-684d7786b067&sktid=a48cca56-e6da-484e-a814-9c849652bcb3&skt=2024-03-29T01%3A53%3A54Z&ske=2024-03-30T01%3A53%3A54Z&sks=b&skv=2021-08-06&sig=AuLbNRViL0BqHLWnCAs9WiBixb6UUKApG9%2BMYlOrsvE%3D','2024-03-29 15:22:30');
/*!40000 ALTER TABLE `primary_narratives` ENABLE KEYS */;
UNLOCK TABLES;

--
-- Table structure for table `secondary_narratives`
--

DROP TABLE IF EXISTS `secondary_narratives`;
/*!40101 SET @saved_cs_client     = @@character_set_client */;
/*!40101 SET character_set_client = utf8 */;
CREATE TABLE `secondary_narratives` (
  `id` int(11) NOT NULL AUTO_INCREMENT,
  `original_narrative_id` int(11) NOT NULL,
  `narrative_text` text NOT NULL,
  `resulting_headline` varchar(1000) NOT NULL,
  `resulting_story` text NOT NULL,
  `resulting_photo_url` varchar(1000) DEFAULT NULL,
  `created_at` datetime DEFAULT NULL,
  `updated_fact_combination_id` int(11) NOT NULL,
  `user_id` int(11) NOT NULL,
  PRIMARY KEY (`id`),
  KEY `original_narrative_id` (`original_narrative_id`),
  KEY `updated_fact_combination_id` (`updated_fact_combination_id`),
  KEY `user_id` (`user_id`),
  CONSTRAINT `secondary_narratives_ibfk_1` FOREIGN KEY (`original_narrative_id`) REFERENCES `primary_narratives` (`id`),
  CONSTRAINT `secondary_narratives_ibfk_2` FOREIGN KEY (`updated_fact_combination_id`) REFERENCES `fact_combinations` (`id`),
  CONSTRAINT `secondary_narratives_ibfk_3` FOREIGN KEY (`user_id`) REFERENCES `users` (`id`)
) ENGINE=InnoDB AUTO_INCREMENT=9 DEFAULT CHARSET=latin1;
/*!40101 SET character_set_client = @saved_cs_client */;

--
-- Dumping data for table `secondary_narratives`
--

LOCK TABLES `secondary_narratives` WRITE;
/*!40000 ALTER TABLE `secondary_narratives` DISABLE KEYS */;
INSERT INTO `secondary_narratives` VALUES (1,3,'In the wake of escalating tensions fueled by political expulsions, economic instability, and cyber attacks, fears of a multifaceted destabilization campaign orchestrated by both state and non-state actors to undermine global order intensify.','Global Chaos: Coordinated Attacks Threaten Stability','As global chaos mounts with a series of coordinated attacks targeting critical infrastructure, diplomatic relations, and financial markets, a sinister web of destabilization threatens to upend the fragile fabric of international stability. Recent events, including the alarming explosion at a quantum computer facility in Russia, the expulsion of diplomats amid political tensions, and the disruptive cyber assaults on power grids in key electoral areas, paint a grim picture of a calculated assault on the world order. With deepfake videos further muddying the waters by depicting leaders in compromising scenarios, the specter of state and non-state actors collaborating to sow discord looms large, raising concerns about the integrity of information and the resilience of democratic institutions in the face of such brazen attacks. As the global community grapples with these multifaceted challenges, the imperative to fortify defenses against hybrid threats and disinformation campaigns becomes more urgent than ever to safeguard stability and democracy from the shadows of orchestrated chaos.','https://oaidalleapiprodscus.blob.core.windows.net/private/org-3ZTYKTCGlRnmP0FAej9N6kLW/user-r4NEmaYFaSPAjtvK7ZQEc5ch/img-1rHH57gEGhOTyQUgQfjo0UIO.png?st=2024-03-28T12%3A14%3A09Z&se=2024-03-28T14%3A14%3A09Z&sp=r&sv=2021-08-06&sr=b&rscd=inline&rsct=image/png&skoid=6aaadede-4fb3-4698-a8f6-684d7786b067&sktid=a48cca56-e6da-484e-a814-9c849652bcb3&skt=2024-03-27T17%3A49%3A33Z&ske=2024-03-28T17%3A49%3A33Z&sks=b&skv=2021-08-06&sig=7dOUNnfsl5ZDabk%2BCMi9dz6M8BupV5yx1Z44aS9HEXU%3D','2024-03-28 13:14:06',130,22),(2,4,'The convergence of drone sightings near airports, suspension of international flights, deepfake videos targeting political leaders, and border skirmishes with Russia suggests a multifaceted security crisis fueled by escalating cyber-attacks and geopolitical tensions.','Cyber-Attacks and Geopolitical Tensions Spark Security Crisis','In a whirlwind of events, the recent surge in drone sightings near crucial airports, suspension of international flights, the circulation of alarming deepfake videos depicting political leaders in compromising scenarios, and escalating border tensions with Russia have ignited a complex security crisis. These occurrences, seemingly disparate, are woven together by a common thread of cyber-attacks and geopolitical tensions, painting a stark picture of vulnerability and chaos. As the public grapples with the implications of these coordinated threats, the urgent need for robust security measures and diplomatic resolutions becomes increasingly evident. The intersection of technology, politics, and security has thrust the region into a precarious state, where every incident carries the weight of broader implications on public safety and international relations.','https://oaidalleapiprodscus.blob.core.windows.net/private/org-3ZTYKTCGlRnmP0FAej9N6kLW/user-r4NEmaYFaSPAjtvK7ZQEc5ch/img-Eu8ZrJZVpM5Aw3iMDDysNgNz.png?st=2024-03-28T16%3A48%3A05Z&se=2024-03-28T18%3A48%3A05Z&sp=r&sv=2021-08-06&sr=b&rscd=inline&rsct=image/png&skoid=6aaadede-4fb3-4698-a8f6-684d7786b067&sktid=a48cca56-e6da-484e-a814-9c849652bcb3&skt=2024-03-28T17%3A40%3A14Z&ske=2024-03-29T17%3A40%3A14Z&sks=b&skv=2021-08-06&sig=mOPCnA0/To3dUEOQosuaCJmrJj54Tw/4RO%2BQIadz3SA%3D','2024-03-28 17:48:04',132,22),(3,4,'The convergence of drone sightings near airports, flight suspensions, deepfake political videos, and border skirmishes with Russia suggests a multifaceted hybrid threat strategy aimed at undermining national security and political stability through disinformation and physical disruption.','National Security Threat: Coordinated Attacks Target Stability','In a calculated assault on national security, a series of coordinated attacks have plunged the country into chaos and uncertainty. Reports of drones hovering near critical airports, leading to the suspension of international flights, coupled with the spread of malicious deepfake videos targeting political figures, and escalating border tensions with Russia all point to a sophisticated hybrid threat designed to sow discord and destabilize the government. As the public grapples with the implications of these brazen acts, questions arise about the integrity of information, the safety of air travel, and the nation\'s ability to defend itself against such multifaceted threats. The convergence of these events underscores the urgent need for a unified response to safeguard the country\'s stability and resilience in the face of these grave challenges.','https://oaidalleapiprodscus.blob.core.windows.net/private/org-3ZTYKTCGlRnmP0FAej9N6kLW/user-r4NEmaYFaSPAjtvK7ZQEc5ch/img-XN2aPY1gkjhwXPjZDQLm21Fm.png?st=2024-03-28T16%3A48%3A04Z&se=2024-03-28T18%3A48%3A04Z&sp=r&sv=2021-08-06&sr=b&rscd=inline&rsct=image/png&skoid=6aaadede-4fb3-4698-a8f6-684d7786b067&sktid=a48cca56-e6da-484e-a814-9c849652bcb3&skt=2024-03-28T17%3A48%3A04Z&ske=2024-03-29T17%3A48%3A04Z&sks=b&skv=2021-08-06&sig=UvK%2BVZC6A3M8lAUCxXnmsR1YARhGl8rytwJaSkkKZQk%3D','2024-03-28 17:48:04',132,22),(4,4,'The convergence of drone sightings near airports, international flight suspensions, deepfake videos of leaders, and border tensions with Russia hints at a multifaceted disinformation campaign to sow chaos and exploit security vulnerabilities on a global scale.','Global Disinformation Campaign Unveiled: Chaos and Security Threats Loom','In a world teetering on the edge of chaos, a sinister global disinformation campaign has been unveiled, threatening security and stability on an unprecedented scale. Recent reports of drone sightings near critical airports, resulting in the suspension of international flights, coupled with the emergence of deepfake videos depicting leaders in compromising scenarios, and escalating border tensions with Russia, paint a stark picture of orchestrated deception and manipulation. As the world grapples with these alarming developments, the need for vigilance and unified action against such insidious tactics has never been more pressing, underscoring the critical importance of truth and transparency in safeguarding our collective future.','https://oaidalleapiprodscus.blob.core.windows.net/private/org-3ZTYKTCGlRnmP0FAej9N6kLW/user-r4NEmaYFaSPAjtvK7ZQEc5ch/img-xzEg64aQ8AOw2dQJLqjuJ0hu.png?st=2024-03-28T16%3A48%3A05Z&se=2024-03-28T18%3A48%3A05Z&sp=r&sv=2021-08-06&sr=b&rscd=inline&rsct=image/png&skoid=6aaadede-4fb3-4698-a8f6-684d7786b067&sktid=a48cca56-e6da-484e-a814-9c849652bcb3&skt=2024-03-28T17%3A40%3A06Z&ske=2024-03-29T17%3A40%3A06Z&sks=b&skv=2021-08-06&sig=Fx5MHhBlRc98fSmg9s8eUwaTVF3qMLo4HdoTw2YT0VQ%3D','2024-03-28 17:48:04',132,22),(5,5,'Amid escalating crises, emergency curfews, cybersecurity alerts, stock market fluctuations, power grid attacks, and communication blackouts paint a picture of coordinated chaos, pointing to a sophisticated, multi-faceted attack aimed at destabilizing critical infrastructure and disrupting emergency services.','Coordinated Chaos: Nationwide Attacks Target Critical Infrastructure','In a stunning turn of events, a nationwide wave of attacks has targeted critical infrastructure, plunging the country into a state of coordinated chaos. Emergency curfews in major cities, a cybersecurity alert issued across the nation, stock market volatility, attacks on power grids in key voting areas, and communication blackouts disrupting emergency services underscore the sophisticated and multi-faceted nature of these assaults. This orchestrated campaign not only threatens public safety and essential services but also raises alarming questions about the integrity of our national security and the resilience of our democracy in the face of such brazen aggression. The unfolding crisis demands swift and decisive action from authorities to safeguard the nation\'s vital systems and restore order amidst the chaos.','https://oaidalleapiprodscus.blob.core.windows.net/private/org-3ZTYKTCGlRnmP0FAej9N6kLW/user-r4NEmaYFaSPAjtvK7ZQEc5ch/img-YDfS9fT0zP4fSYRR4vUFujp0.png?st=2024-03-28T17%3A02%3A53Z&se=2024-03-28T19%3A02%3A53Z&sp=r&sv=2021-08-06&sr=b&rscd=inline&rsct=image/png&skoid=6aaadede-4fb3-4698-a8f6-684d7786b067&sktid=a48cca56-e6da-484e-a814-9c849652bcb3&skt=2024-03-28T17%3A44%3A05Z&ske=2024-03-29T17%3A44%3A05Z&sks=b&skv=2021-08-06&sig=XJRvoeI2Dhny8MNPETn8r/1uC700NMi1Qlerey/a4Ds%3D','2024-03-28 18:02:52',134,22),(6,5,'In a coordinated effort, emergency curfews were declared, a nationwide cybersecurity alert was issued, stock markets fluctuated wildly, power grids in major voting towns were attacked, and communication blackouts disrupted emergency services, suggesting a sophisticated, multi-pronged attack rather than a rogue hacker group targeting financial markets.','Nationwide Chaos Unfolds: Coordinated Attacks Target Critical Infrastructure','Amidst a backdrop of chaos, a wave of coordinated attacks has struck critical infrastructure across the nation, plunging major cities into emergency curfews and prompting a nationwide cybersecurity alert as stock markets reel from the uncertainty. The targeted assaults on power grids in key voting towns and communication networks disrupting emergency services point to a meticulously orchestrated effort that goes beyond mere financial motives. As the country grapples with this unprecedented assault on its vital systems, questions arise about the perpetrators\' motives and the potential implications for national security and public trust in the government\'s ability to safeguard essential services in the face of such brazen threats.','https://oaidalleapiprodscus.blob.core.windows.net/private/org-3ZTYKTCGlRnmP0FAej9N6kLW/user-r4NEmaYFaSPAjtvK7ZQEc5ch/img-oDPYqtRYZwAdkuohGpyTghwP.png?st=2024-03-28T17%3A02%3A54Z&se=2024-03-28T19%3A02%3A54Z&sp=r&sv=2021-08-06&sr=b&rscd=inline&rsct=image/png&skoid=6aaadede-4fb3-4698-a8f6-684d7786b067&sktid=a48cca56-e6da-484e-a814-9c849652bcb3&skt=2024-03-28T09%3A59%3A21Z&ske=2024-03-29T09%3A59%3A21Z&sks=b&skv=2021-08-06&sig=hmICZjlDnEX1eAD/E%2B9f4d6rEtJL2Rlx5UL/cMyHnkQ%3D','2024-03-28 18:02:52',135,22),(7,5,'Amidst emergency curfews, a nationwide cybersecurity alert, stock market fluctuations, attacks on power grids, and communication blackouts, a coordinated cyberattack has plunged major cities into turmoil, targeting critical infrastructure and disrupting emergency services.','Cyber Chaos: Coordinated Attack Plunges Cities into Turmoil','In a gripping turn of events, emergency curfews blanket major cities as a nationwide cybersecurity alert reverberates across the nation. Stock markets teeter on uncertainty\'s edge, power grids in pivotal voting towns buckle under the weight of cyber assaults, and communication blackouts cripple vital emergency services. The orchestrated chaos of this cyber siege raises questions about the vulnerability of critical infrastructure and the need for robust cybersecurity measures to safeguard against such widespread disruptions. As the country grapples with the aftermath of this targeted assault, the impact on public perception and policy decisions looms large, underscoring the urgent call for enhanced cyber defenses in an increasingly digital world.','https://oaidalleapiprodscus.blob.core.windows.net/private/org-3ZTYKTCGlRnmP0FAej9N6kLW/user-r4NEmaYFaSPAjtvK7ZQEc5ch/img-uzEKcoFdyRQeZPs2sXGNo4n5.png?st=2024-03-28T17%3A02%3A54Z&se=2024-03-28T19%3A02%3A54Z&sp=r&sv=2021-08-06&sr=b&rscd=inline&rsct=image/png&skoid=6aaadede-4fb3-4698-a8f6-684d7786b067&sktid=a48cca56-e6da-484e-a814-9c849652bcb3&skt=2024-03-28T17%3A46%3A30Z&ske=2024-03-29T17%3A46%3A30Z&sks=b&skv=2021-08-06&sig=1QEZuS6EwmymNL%2Br7pXEF5zSdHzkGqT4ZRyDJUYWUUA%3D','2024-03-28 18:02:53',136,22),(8,7,'The recent attacks on voting centers, diplomatic expulsions, drone sightings near airports, and public unrest point to a coordinated effort to destabilize the region, indicating a larger, multifaceted threat beyond the initial rogue group theory.','Coordinated Campaign Unveiled: Multifaceted Threat Emerges','In a stunning revelation, a multifaceted threat has emerged, shaking the region as voting centers switch to emergency power amid attacks, diplomats face expulsions due to escalating political tensions, and drones hover dangerously close to airports, prompting air traffic control concerns. The series of events, including public unrest sparking small fights, paints a grim picture of a meticulously orchestrated campaign aimed at destabilizing the region, challenging the initial assumption of isolated rogue groups. As authorities scramble to address these interconnected challenges, the public is left grappling with the implications of this sophisticated onslaught on their safety and political stability.','https://oaidalleapiprodscus.blob.core.windows.net/private/org-3ZTYKTCGlRnmP0FAej9N6kLW/user-r4NEmaYFaSPAjtvK7ZQEc5ch/img-3sgzUxFjvwMSY9XlX3IBIoI2.png?st=2024-03-28T17%3A19%3A52Z&se=2024-03-28T19%3A19%3A52Z&sp=r&sv=2021-08-06&sr=b&rscd=inline&rsct=image/png&skoid=6aaadede-4fb3-4698-a8f6-684d7786b067&sktid=a48cca56-e6da-484e-a814-9c849652bcb3&skt=2024-03-27T18%3A23%3A15Z&ske=2024-03-28T18%3A23%3A15Z&sks=b&skv=2021-08-06&sig=5ADmPobg3Cji3wUXIOJ/XET7MnqEVjlcWfk4k2JNkzc%3D','2024-03-28 18:19:51',139,22);
/*!40000 ALTER TABLE `secondary_narratives` ENABLE KEYS */;
UNLOCK TABLES;

--
-- Table structure for table `users`
--

DROP TABLE IF EXISTS `users`;
/*!40101 SET @saved_cs_client     = @@character_set_client */;
/*!40101 SET character_set_client = utf8 */;
CREATE TABLE `users` (
  `id` int(11) NOT NULL AUTO_INCREMENT,
  `username` varchar(80) NOT NULL,
  `email` varchar(120) NOT NULL,
  `created_at` datetime DEFAULT NULL,
  `language` enum('ENG','EST','RUS') NOT NULL,
  PRIMARY KEY (`id`),
  UNIQUE KEY `email` (`email`),
  UNIQUE KEY `username` (`username`)
) ENGINE=InnoDB AUTO_INCREMENT=28 DEFAULT CHARSET=latin1;
/*!40101 SET character_set_client = @saved_cs_client */;

--
-- Dumping data for table `users`
--

LOCK TABLES `users` WRITE;
/*!40000 ALTER TABLE `users` DISABLE KEYS */;
INSERT INTO `users` VALUES (9,'tjplant','tjplantt@gmail.com','2024-03-28 12:08:24','ENG'),(10,'dsfg','dsfg','2024-03-28 12:19:44','ENG'),(11,'sagd','sgda','2024-03-28 12:21:03','ENG'),(12,'fa','asf','2024-03-28 12:22:44','ENG'),(13,'afsd','fs','2024-03-28 12:27:08','ENG'),(14,'sfd','f','2024-03-28 12:30:07','ENG'),(15,'asdf','fd','2024-03-28 12:34:00','ENG'),(16,'rsdtfghjk','fcgvhbjnk','2024-03-28 12:50:11','ENG'),(17,'fsda','asdf','2024-03-28 12:55:13','ENG'),(18,'dfghjk','werfghjk','2024-03-28 12:56:31','ENG'),(19,'ghj','rtfy','2024-03-28 12:58:22','ENG'),(20,'fghj','ertyjg','2024-03-28 13:04:26','ENG'),(21,'gdfhjk','srdfghj','2024-03-28 13:11:03','ENG'),(22,'asfd','fdsa','2024-03-28 13:11:12','ENG'),(23,'agsd','gsa','2024-03-29 15:02:40','ENG'),(24,'sf','sdf','2024-03-29 15:07:21','ENG'),(25,'gsf','gs','2024-03-29 15:13:52','ENG'),(26,'fsad','afsd','2024-03-29 15:15:17','ENG'),(27,'gsd','sg','2024-03-29 15:17:54','ENG');
/*!40000 ALTER TABLE `users` ENABLE KEYS */;
UNLOCK TABLES;
/*!40103 SET TIME_ZONE=@OLD_TIME_ZONE */;

/*!40101 SET SQL_MODE=@OLD_SQL_MODE */;
/*!40014 SET FOREIGN_KEY_CHECKS=@OLD_FOREIGN_KEY_CHECKS */;
/*!40014 SET UNIQUE_CHECKS=@OLD_UNIQUE_CHECKS */;
/*!40101 SET CHARACTER_SET_CLIENT=@OLD_CHARACTER_SET_CLIENT */;
/*!40101 SET CHARACTER_SET_RESULTS=@OLD_CHARACTER_SET_RESULTS */;
/*!40101 SET COLLATION_CONNECTION=@OLD_COLLATION_CONNECTION */;
/*!40111 SET SQL_NOTES=@OLD_SQL_NOTES */;

-- Dump completed on 2024-03-30 18:09:38
